filename,visibility_m,scene_id,source_dataset,beta,clear_image,depth_map
images/frida_scene000001_v0050.png,50.0,000001,frida,0.07824046010856292,LIma-000001.png,Dmap-000001.fdd
images/frida_scene000001_v0080.png,80.0,000001,frida,0.04890028756785182,LIma-000001.png,Dmap-000001.fdd
images/frida_scene000001_v0100.png,100.0,000001,frida,0.03912023005428146,LIma-000001.png,Dmap-000001.fdd
images/frida_scene000001_v0150.png,150.0,000001,frida,0.026080153369520975,LIma-000001.png,Dmap-000001.fdd
images/frida_scene000001_v0200.png,200.0,000001,frida,0.01956011502714073,LIma-000001.png,Dmap-000001.fdd
images/frida_scene000001_v0300.png,300.0,000001,frida,0.013040076684760487,LIma-000001.png,Dmap-000001.fdd
images/frida_scene000001_v0500.png,500.0,000001,frida,0.007824046010856293,LIma-000001.png,Dmap-000001.fdd
images/frida_scene000001_v0800.png,800.0,000001,frida,0.0048900287567851825,LIma-000001.png,Dmap-000001.fdd
images/frida_scene000002_v0050.png,50.0,000002,frida,0.07824046010856292,LIma-000002.png,Dmap-000002.fdd
images/frida_scene000002_v0080.png,80.0,000002,frida,0.04890028756785182,LIma-000002.png,Dmap-000002.fdd
images/frida_scene000002_v0100.png,100.0,000002,frida,0.03912023005428146,LIma-000002.png,Dmap-000002.fdd
images/frida_scene000002_v0150.png,150.0,000002,frida,0.026080153369520975,LIma-000002.png,Dmap-000002.fdd
images/frida_scene000002_v0200.png,200.0,000002,frida,0.01956011502714073,LIma-000002.png,Dmap-000002.fdd
images/frida_scene000002_v0300.png,300.0,000002,frida,0.013040076684760487,LIma-000002.png,Dmap-000002.fdd
images/frida_scene000002_v0500.png,500.0,000002,frida,0.007824046010856293,LIma-000002.png,Dmap-000002.fdd
images/frida_scene000002_v0800.png,800.0,000002,frida,0.0048900287567851825,LIma-000002.png,Dmap-000002.fdd
images/frida_scene000003_v0050.png,50.0,000003,frida,0.07824046010856292,LIma-000003.png,Dmap-000003.fdd
images/frida_scene000003_v0080.png,80.0,000003,frida,0.04890028756785182,LIma-000003.png,Dmap-000003.fdd
images/frida_scene000003_v0100.png,100.0,000003,frida,0.03912023005428146,LIma-000003.png,Dmap-000003.fdd
images/frida_scene000003_v0150.png,150.0,000003,frida,0.026080153369520975,LIma-000003.png,Dmap-000003.fdd
images/frida_scene000003_v0200.png,200.0,000003,frida,0.01956011502714073,LIma-000003.png,Dmap-000003.fdd
images/frida_scene000003_v0300.png,300.0,000003,frida,0.013040076684760487,LIma-000003.png,Dmap-000003.fdd
images/frida_scene000003_v0500.png,500.0,000003,frida,0.007824046010856293,LIma-000003.png,Dmap-000003.fdd
images/frida_scene000003_v0800.png,800.0,000003,frida,0.0048900287567851825,LIma-000003.png,Dmap-000003.fdd
images/frida_scene000004_v0050.png,50.0,000004,frida,0.07824046010856292,LIma-000004.png,Dmap-000004.fdd
images/frida_scene000004_v0080.png,80.0,000004,frida,0.04890028756785182,LIma-000004.png,Dmap-000004.fdd
images/frida_scene000004_v0100.png,100.0,000004,frida,0.03912023005428146,LIma-000004.png,Dmap-000004.fdd
images/frida_scene000004_v0150.png,150.0,000004,frida,0.026080153369520975,LIma-000004.png,Dmap-000004.fdd
images/frida_scene000004_v0200.png,200.0,000004,frida,0.01956011502714073,LIma-000004.png,Dmap-000004.fdd
images/frida_scene000004_v0300.png,300.0,000004,frida,0.013040076684760487,LIma-000004.png,Dmap-000004.fdd
images/frida_scene000004_v0500.png,500.0,000004,frida,0.007824046010856293,LIma-000004.png,Dmap-000004.fdd
images/frida_scene000004_v0800.png,800.0,000004,frida,0.0048900287567851825,LIma-000004.png,Dmap-000004.fdd
images/frida_scene000005_v0050.png,50.0,000005,frida,0.07824046010856292,LIma-000005.png,Dmap-000005.fdd
images/frida_scene000005_v0080.png,80.0,000005,frida,0.04890028756785182,LIma-000005.png,Dmap-000005.fdd
images/frida_scene000005_v0100.png,100.0,000005,frida,0.03912023005428146,LIma-000005.png,Dmap-000005.fdd
images/frida_scene000005_v0150.png,150.0,000005,frida,0.026080153369520975,LIma-000005.png,Dmap-000005.fdd
images/frida_scene000005_v0200.png,200.0,000005,frida,0.01956011502714073,LIma-000005.png,Dmap-000005.fdd
images/frida_scene000005_v0300.png,300.0,000005,frida,0.013040076684760487,LIma-000005.png,Dmap-000005.fdd
images/frida_scene000005_v0500.png,500.0,000005,frida,0.007824046010856293,LIma-000005.png,Dmap-000005.fdd
images/frida_scene000005_v0800.png,800.0,000005,frida,0.0048900287567851825,LIma-000005.png,Dmap-000005.fdd
images/frida_scene000006_v0050.png,50.0,000006,frida,0.07824046010856292,LIma-000006.png,Dmap-000006.fdd
images/frida_scene000006_v0080.png,80.0,000006,frida,0.04890028756785182,LIma-000006.png,Dmap-000006.fdd
images/frida_scene000006_v0100.png,100.0,000006,frida,0.03912023005428146,LIma-000006.png,Dmap-000006.fdd
images/frida_scene000006_v0150.png,150.0,000006,frida,0.026080153369520975,LIma-000006.png,Dmap-000006.fdd
images/frida_scene000006_v0200.png,200.0,000006,frida,0.01956011502714073,LIma-000006.png,Dmap-000006.fdd
images/frida_scene000006_v0300.png,300.0,000006,frida,0.013040076684760487,LIma-000006.png,Dmap-000006.fdd
images/frida_scene000006_v0500.png,500.0,000006,frida,0.007824046010856293,LIma-000006.png,Dmap-000006.fdd
images/frida_scene000006_v0800.png,800.0,000006,frida,0.0048900287567851825,LIma-000006.png,Dmap-000006.fdd
images/frida_scene000007_v0050.png,50.0,000007,frida,0.07824046010856292,LIma-000007.png,Dmap-000007.fdd
images/frida_scene000007_v0080.png,80.0,000007,frida,0.04890028756785182,LIma-000007.png,Dmap-000007.fdd
images/frida_scene000007_v0100.png,100.0,000007,frida,0.03912023005428146,LIma-000007.png,Dmap-000007.fdd
images/frida_scene000007_v0150.png,150.0,000007,frida,0.026080153369520975,LIma-000007.png,Dmap-000007.fdd
images/frida_scene000007_v0200.png,200.0,000007,frida,0.01956011502714073,LIma-000007.png,Dmap-000007.fdd
images/frida_scene000007_v0300.png,300.0,000007,frida,0.013040076684760487,LIma-000007.png,Dmap-000007.fdd
images/frida_scene000007_v0500.png,500.0,000007,frida,0.007824046010856293,LIma-000007.png,Dmap-000007.fdd
images/frida_scene000007_v0800.png,800.0,000007,frida,0.0048900287567851825,LIma-000007.png,Dmap-000007.fdd
images/frida_scene000008_v0050.png,50.0,000008,frida,0.07824046010856292,LIma-000008.png,Dmap-000008.fdd
images/frida_scene000008_v0080.png,80.0,000008,frida,0.04890028756785182,LIma-000008.png,Dmap-000008.fdd
images/frida_scene000008_v0100.png,100.0,000008,frida,0.03912023005428146,LIma-000008.png,Dmap-000008.fdd
images/frida_scene000008_v0150.png,150.0,000008,frida,0.026080153369520975,LIma-000008.png,Dmap-000008.fdd
images/frida_scene000008_v0200.png,200.0,000008,frida,0.01956011502714073,LIma-000008.png,Dmap-000008.fdd
images/frida_scene000008_v0300.png,300.0,000008,frida,0.013040076684760487,LIma-000008.png,Dmap-000008.fdd
images/frida_scene000008_v0500.png,500.0,000008,frida,0.007824046010856293,LIma-000008.png,Dmap-000008.fdd
images/frida_scene000008_v0800.png,800.0,000008,frida,0.0048900287567851825,LIma-000008.png,Dmap-000008.fdd
images/frida_scene000009_v0050.png,50.0,000009,frida,0.07824046010856292,LIma-000009.png,Dmap-000009.fdd
images/frida_scene000009_v0080.png,80.0,000009,frida,0.04890028756785182,LIma-000009.png,Dmap-000009.fdd
images/frida_scene000009_v0100.png,100.0,000009,frida,0.03912023005428146,LIma-000009.png,Dmap-000009.fdd
images/frida_scene000009_v0150.png,150.0,000009,frida,0.026080153369520975,LIma-000009.png,Dmap-000009.fdd
images/frida_scene000009_v0200.png,200.0,000009,frida,0.01956011502714073,LIma-000009.png,Dmap-000009.fdd
images/frida_scene000009_v0300.png,300.0,000009,frida,0.013040076684760487,LIma-000009.png,Dmap-000009.fdd
images/frida_scene000009_v0500.png,500.0,000009,frida,0.007824046010856293,LIma-000009.png,Dmap-000009.fdd
images/frida_scene000009_v0800.png,800.0,000009,frida,0.0048900287567851825,LIma-000009.png,Dmap-000009.fdd
images/frida_scene000010_v0050.png,50.0,000010,frida,0.07824046010856292,LIma-000010.png,Dmap-000010.fdd
images/frida_scene000010_v0080.png,80.0,000010,frida,0.04890028756785182,LIma-000010.png,Dmap-000010.fdd
images/frida_scene000010_v0100.png,100.0,000010,frida,0.03912023005428146,LIma-000010.png,Dmap-000010.fdd
images/frida_scene000010_v0150.png,150.0,000010,frida,0.026080153369520975,LIma-000010.png,Dmap-000010.fdd
images/frida_scene000010_v0200.png,200.0,000010,frida,0.01956011502714073,LIma-000010.png,Dmap-000010.fdd
images/frida_scene000010_v0300.png,300.0,000010,frida,0.013040076684760487,LIma-000010.png,Dmap-000010.fdd
images/frida_scene000010_v0500.png,500.0,000010,frida,0.007824046010856293,LIma-000010.png,Dmap-000010.fdd
images/frida_scene000010_v0800.png,800.0,000010,frida,0.0048900287567851825,LIma-000010.png,Dmap-000010.fdd
images/frida_scene000011_v0050.png,50.0,000011,frida,0.07824046010856292,LIma-000011.png,Dmap-000011.fdd
images/frida_scene000011_v0080.png,80.0,000011,frida,0.04890028756785182,LIma-000011.png,Dmap-000011.fdd
images/frida_scene000011_v0100.png,100.0,000011,frida,0.03912023005428146,LIma-000011.png,Dmap-000011.fdd
images/frida_scene000011_v0150.png,150.0,000011,frida,0.026080153369520975,LIma-000011.png,Dmap-000011.fdd
images/frida_scene000011_v0200.png,200.0,000011,frida,0.01956011502714073,LIma-000011.png,Dmap-000011.fdd
images/frida_scene000011_v0300.png,300.0,000011,frida,0.013040076684760487,LIma-000011.png,Dmap-000011.fdd
images/frida_scene000011_v0500.png,500.0,000011,frida,0.007824046010856293,LIma-000011.png,Dmap-000011.fdd
images/frida_scene000011_v0800.png,800.0,000011,frida,0.0048900287567851825,LIma-000011.png,Dmap-000011.fdd
images/frida_scene000012_v0050.png,50.0,000012,frida,0.07824046010856292,LIma-000012.png,Dmap-000012.fdd
images/frida_scene000012_v0080.png,80.0,000012,frida,0.04890028756785182,LIma-000012.png,Dmap-000012.fdd
images/frida_scene000012_v0100.png,100.0,000012,frida,0.03912023005428146,LIma-000012.png,Dmap-000012.fdd
images/frida_scene000012_v0150.png,150.0,000012,frida,0.026080153369520975,LIma-000012.png,Dmap-000012.fdd
images/frida_scene000012_v0200.png,200.0,000012,frida,0.01956011502714073,LIma-000012.png,Dmap-000012.fdd
images/frida_scene000012_v0300.png,300.0,000012,frida,0.013040076684760487,LIma-000012.png,Dmap-000012.fdd
images/frida_scene000012_v0500.png,500.0,000012,frida,0.007824046010856293,LIma-000012.png,Dmap-000012.fdd
images/frida_scene000012_v0800.png,800.0,000012,frida,0.0048900287567851825,LIma-000012.png,Dmap-000012.fdd
images/frida_scene000013_v0050.png,50.0,000013,frida,0.07824046010856292,LIma-000013.png,Dmap-000013.fdd
images/frida_scene000013_v0080.png,80.0,000013,frida,0.04890028756785182,LIma-000013.png,Dmap-000013.fdd
images/frida_scene000013_v0100.png,100.0,000013,frida,0.03912023005428146,LIma-000013.png,Dmap-000013.fdd
images/frida_scene000013_v0150.png,150.0,000013,frida,0.026080153369520975,LIma-000013.png,Dmap-000013.fdd
images/frida_scene000013_v0200.png,200.0,000013,frida,0.01956011502714073,LIma-000013.png,Dmap-000013.fdd
images/frida_scene000013_v0300.png,300.0,000013,frida,0.013040076684760487,LIma-000013.png,Dmap-000013.fdd
images/frida_scene000013_v0500.png,500.0,000013,frida,0.007824046010856293,LIma-000013.png,Dmap-000013.fdd
images/frida_scene000013_v0800.png,800.0,000013,frida,0.0048900287567851825,LIma-000013.png,Dmap-000013.fdd
images/frida_scene000014_v0050.png,50.0,000014,frida,0.07824046010856292,LIma-000014.png,Dmap-000014.fdd
images/frida_scene000014_v0080.png,80.0,000014,frida,0.04890028756785182,LIma-000014.png,Dmap-000014.fdd
images/frida_scene000014_v0100.png,100.0,000014,frida,0.03912023005428146,LIma-000014.png,Dmap-000014.fdd
images/frida_scene000014_v0150.png,150.0,000014,frida,0.026080153369520975,LIma-000014.png,Dmap-000014.fdd
images/frida_scene000014_v0200.png,200.0,000014,frida,0.01956011502714073,LIma-000014.png,Dmap-000014.fdd
images/frida_scene000014_v0300.png,300.0,000014,frida,0.013040076684760487,LIma-000014.png,Dmap-000014.fdd
images/frida_scene000014_v0500.png,500.0,000014,frida,0.007824046010856293,LIma-000014.png,Dmap-000014.fdd
images/frida_scene000014_v0800.png,800.0,000014,frida,0.0048900287567851825,LIma-000014.png,Dmap-000014.fdd
images/frida_scene000015_v0050.png,50.0,000015,frida,0.07824046010856292,LIma-000015.png,Dmap-000015.fdd
images/frida_scene000015_v0080.png,80.0,000015,frida,0.04890028756785182,LIma-000015.png,Dmap-000015.fdd
images/frida_scene000015_v0100.png,100.0,000015,frida,0.03912023005428146,LIma-000015.png,Dmap-000015.fdd
images/frida_scene000015_v0150.png,150.0,000015,frida,0.026080153369520975,LIma-000015.png,Dmap-000015.fdd
images/frida_scene000015_v0200.png,200.0,000015,frida,0.01956011502714073,LIma-000015.png,Dmap-000015.fdd
images/frida_scene000015_v0300.png,300.0,000015,frida,0.013040076684760487,LIma-000015.png,Dmap-000015.fdd
images/frida_scene000015_v0500.png,500.0,000015,frida,0.007824046010856293,LIma-000015.png,Dmap-000015.fdd
images/frida_scene000015_v0800.png,800.0,000015,frida,0.0048900287567851825,LIma-000015.png,Dmap-000015.fdd
images/frida_scene000016_v0050.png,50.0,000016,frida,0.07824046010856292,LIma-000016.png,Dmap-000016.fdd
images/frida_scene000016_v0080.png,80.0,000016,frida,0.04890028756785182,LIma-000016.png,Dmap-000016.fdd
images/frida_scene000016_v0100.png,100.0,000016,frida,0.03912023005428146,LIma-000016.png,Dmap-000016.fdd
images/frida_scene000016_v0150.png,150.0,000016,frida,0.026080153369520975,LIma-000016.png,Dmap-000016.fdd
images/frida_scene000016_v0200.png,200.0,000016,frida,0.01956011502714073,LIma-000016.png,Dmap-000016.fdd
images/frida_scene000016_v0300.png,300.0,000016,frida,0.013040076684760487,LIma-000016.png,Dmap-000016.fdd
images/frida_scene000016_v0500.png,500.0,000016,frida,0.007824046010856293,LIma-000016.png,Dmap-000016.fdd
images/frida_scene000016_v0800.png,800.0,000016,frida,0.0048900287567851825,LIma-000016.png,Dmap-000016.fdd
images/frida_scene000017_v0050.png,50.0,000017,frida,0.07824046010856292,LIma-000017.png,Dmap-000017.fdd
images/frida_scene000017_v0080.png,80.0,000017,frida,0.04890028756785182,LIma-000017.png,Dmap-000017.fdd
images/frida_scene000017_v0100.png,100.0,000017,frida,0.03912023005428146,LIma-000017.png,Dmap-000017.fdd
images/frida_scene000017_v0150.png,150.0,000017,frida,0.026080153369520975,LIma-000017.png,Dmap-000017.fdd
images/frida_scene000017_v0200.png,200.0,000017,frida,0.01956011502714073,LIma-000017.png,Dmap-000017.fdd
images/frida_scene000017_v0300.png,300.0,000017,frida,0.013040076684760487,LIma-000017.png,Dmap-000017.fdd
images/frida_scene000017_v0500.png,500.0,000017,frida,0.007824046010856293,LIma-000017.png,Dmap-000017.fdd
images/frida_scene000017_v0800.png,800.0,000017,frida,0.0048900287567851825,LIma-000017.png,Dmap-000017.fdd
images/frida_scene000018_v0050.png,50.0,000018,frida,0.07824046010856292,LIma-000018.png,Dmap-000018.fdd
images/frida_scene000018_v0080.png,80.0,000018,frida,0.04890028756785182,LIma-000018.png,Dmap-000018.fdd
images/frida_scene000018_v0100.png,100.0,000018,frida,0.03912023005428146,LIma-000018.png,Dmap-000018.fdd
images/frida_scene000018_v0150.png,150.0,000018,frida,0.026080153369520975,LIma-000018.png,Dmap-000018.fdd
images/frida_scene000018_v0200.png,200.0,000018,frida,0.01956011502714073,LIma-000018.png,Dmap-000018.fdd
images/frida_scene000018_v0300.png,300.0,000018,frida,0.013040076684760487,LIma-000018.png,Dmap-000018.fdd
images/frida_scene000018_v0500.png,500.0,000018,frida,0.007824046010856293,LIma-000018.png,Dmap-000018.fdd
images/frida_scene000018_v0800.png,800.0,000018,frida,0.0048900287567851825,LIma-000018.png,Dmap-000018.fdd
images/frida2_scene000001_v0050.png,50.0,000001,frida2,0.07824046010856292,LIma-000001.png,LDep-000001.fdd
images/frida2_scene000001_v0080.png,80.0,000001,frida2,0.04890028756785182,LIma-000001.png,LDep-000001.fdd
images/frida2_scene000001_v0100.png,100.0,000001,frida2,0.03912023005428146,LIma-000001.png,LDep-000001.fdd
images/frida2_scene000001_v0150.png,150.0,000001,frida2,0.026080153369520975,LIma-000001.png,LDep-000001.fdd
images/frida2_scene000001_v0200.png,200.0,000001,frida2,0.01956011502714073,LIma-000001.png,LDep-000001.fdd
images/frida2_scene000001_v0300.png,300.0,000001,frida2,0.013040076684760487,LIma-000001.png,LDep-000001.fdd
images/frida2_scene000001_v0500.png,500.0,000001,frida2,0.007824046010856293,LIma-000001.png,LDep-000001.fdd
images/frida2_scene000001_v0800.png,800.0,000001,frida2,0.0048900287567851825,LIma-000001.png,LDep-000001.fdd
images/frida2_scene000002_v0050.png,50.0,000002,frida2,0.07824046010856292,LIma-000002.png,LDep-000002.fdd
images/frida2_scene000002_v0080.png,80.0,000002,frida2,0.04890028756785182,LIma-000002.png,LDep-000002.fdd
images/frida2_scene000002_v0100.png,100.0,000002,frida2,0.03912023005428146,LIma-000002.png,LDep-000002.fdd
images/frida2_scene000002_v0150.png,150.0,000002,frida2,0.026080153369520975,LIma-000002.png,LDep-000002.fdd
images/frida2_scene000002_v0200.png,200.0,000002,frida2,0.01956011502714073,LIma-000002.png,LDep-000002.fdd
images/frida2_scene000002_v0300.png,300.0,000002,frida2,0.013040076684760487,LIma-000002.png,LDep-000002.fdd
images/frida2_scene000002_v0500.png,500.0,000002,frida2,0.007824046010856293,LIma-000002.png,LDep-000002.fdd
images/frida2_scene000002_v0800.png,800.0,000002,frida2,0.0048900287567851825,LIma-000002.png,LDep-000002.fdd
images/frida2_scene000003_v0050.png,50.0,000003,frida2,0.07824046010856292,LIma-000003.png,LDep-000003.fdd
images/frida2_scene000003_v0080.png,80.0,000003,frida2,0.04890028756785182,LIma-000003.png,LDep-000003.fdd
images/frida2_scene000003_v0100.png,100.0,000003,frida2,0.03912023005428146,LIma-000003.png,LDep-000003.fdd
images/frida2_scene000003_v0150.png,150.0,000003,frida2,0.026080153369520975,LIma-000003.png,LDep-000003.fdd
images/frida2_scene000003_v0200.png,200.0,000003,frida2,0.01956011502714073,LIma-000003.png,LDep-000003.fdd
images/frida2_scene000003_v0300.png,300.0,000003,frida2,0.013040076684760487,LIma-000003.png,LDep-000003.fdd
images/frida2_scene000003_v0500.png,500.0,000003,frida2,0.007824046010856293,LIma-000003.png,LDep-000003.fdd
images/frida2_scene000003_v0800.png,800.0,000003,frida2,0.0048900287567851825,LIma-000003.png,LDep-000003.fdd
images/frida2_scene000004_v0050.png,50.0,000004,frida2,0.07824046010856292,LIma-000004.png,LDep-000004.fdd
images/frida2_scene000004_v0080.png,80.0,000004,frida2,0.04890028756785182,LIma-000004.png,LDep-000004.fdd
images/frida2_scene000004_v0100.png,100.0,000004,frida2,0.03912023005428146,LIma-000004.png,LDep-000004.fdd
images/frida2_scene000004_v0150.png,150.0,000004,frida2,0.026080153369520975,LIma-000004.png,LDep-000004.fdd
images/frida2_scene000004_v0200.png,200.0,000004,frida2,0.01956011502714073,LIma-000004.png,LDep-000004.fdd
images/frida2_scene000004_v0300.png,300.0,000004,frida2,0.013040076684760487,LIma-000004.png,LDep-000004.fdd
images/frida2_scene000004_v0500.png,500.0,000004,frida2,0.007824046010856293,LIma-000004.png,LDep-000004.fdd
images/frida2_scene000004_v0800.png,800.0,000004,frida2,0.0048900287567851825,LIma-000004.png,LDep-000004.fdd
images/frida2_scene000005_v0050.png,50.0,000005,frida2,0.07824046010856292,LIma-000005.png,LDep-000005.fdd
images/frida2_scene000005_v0080.png,80.0,000005,frida2,0.04890028756785182,LIma-000005.png,LDep-000005.fdd
images/frida2_scene000005_v0100.png,100.0,000005,frida2,0.03912023005428146,LIma-000005.png,LDep-000005.fdd
images/frida2_scene000005_v0150.png,150.0,000005,frida2,0.026080153369520975,LIma-000005.png,LDep-000005.fdd
images/frida2_scene000005_v0200.png,200.0,000005,frida2,0.01956011502714073,LIma-000005.png,LDep-000005.fdd
images/frida2_scene000005_v0300.png,300.0,000005,frida2,0.013040076684760487,LIma-000005.png,LDep-000005.fdd
images/frida2_scene000005_v0500.png,500.0,000005,frida2,0.007824046010856293,LIma-000005.png,LDep-000005.fdd
images/frida2_scene000005_v0800.png,800.0,000005,frida2,0.0048900287567851825,LIma-000005.png,LDep-000005.fdd
images/frida2_scene000006_v0050.png,50.0,000006,frida2,0.07824046010856292,LIma-000006.png,LDep-000006.fdd
images/frida2_scene000006_v0080.png,80.0,000006,frida2,0.04890028756785182,LIma-000006.png,LDep-000006.fdd
images/frida2_scene000006_v0100.png,100.0,000006,frida2,0.03912023005428146,LIma-000006.png,LDep-000006.fdd
images/frida2_scene000006_v0150.png,150.0,000006,frida2,0.026080153369520975,LIma-000006.png,LDep-000006.fdd
images/frida2_scene000006_v0200.png,200.0,000006,frida2,0.01956011502714073,LIma-000006.png,LDep-000006.fdd
images/frida2_scene000006_v0300.png,300.0,000006,frida2,0.013040076684760487,LIma-000006.png,LDep-000006.fdd
images/frida2_scene000006_v0500.png,500.0,000006,frida2,0.007824046010856293,LIma-000006.png,LDep-000006.fdd
images/frida2_scene000006_v0800.png,800.0,000006,frida2,0.0048900287567851825,LIma-000006.png,LDep-000006.fdd
images/frida2_scene000007_v0050.png,50.0,000007,frida2,0.07824046010856292,LIma-000007.png,LDep-000007.fdd
images/frida2_scene000007_v0080.png,80.0,000007,frida2,0.04890028756785182,LIma-000007.png,LDep-000007.fdd
images/frida2_scene000007_v0100.png,100.0,000007,frida2,0.03912023005428146,LIma-000007.png,LDep-000007.fdd
images/frida2_scene000007_v0150.png,150.0,000007,frida2,0.026080153369520975,LIma-000007.png,LDep-000007.fdd
images/frida2_scene000007_v0200.png,200.0,000007,frida2,0.01956011502714073,LIma-000007.png,LDep-000007.fdd
images/frida2_scene000007_v0300.png,300.0,000007,frida2,0.013040076684760487,LIma-000007.png,LDep-000007.fdd
images/frida2_scene000007_v0500.png,500.0,000007,frida2,0.007824046010856293,LIma-000007.png,LDep-000007.fdd
images/frida2_scene000007_v0800.png,800.0,000007,frida2,0.0048900287567851825,LIma-000007.png,LDep-000007.fdd
images/frida2_scene000008_v0050.png,50.0,000008,frida2,0.07824046010856292,LIma-000008.png,LDep-000008.fdd
images/frida2_scene000008_v0080.png,80.0,000008,frida2,0.04890028756785182,LIma-000008.png,LDep-000008.fdd
images/frida2_scene000008_v0100.png,100.0,000008,frida2,0.03912023005428146,LIma-000008.png,LDep-000008.fdd
images/frida2_scene000008_v0150.png,150.0,000008,frida2,0.026080153369520975,LIma-000008.png,LDep-000008.fdd
images/frida2_scene000008_v0200.png,200.0,000008,frida2,0.01956011502714073,LIma-000008.png,LDep-000008.fdd
images/frida2_scene000008_v0300.png,300.0,000008,frida2,0.013040076684760487,LIma-000008.png,LDep-000008.fdd
images/frida2_scene000008_v0500.png,500.0,000008,frida2,0.007824046010856293,LIma-000008.png,LDep-000008.fdd
images/frida2_scene000008_v0800.png,800.0,000008,frida2,0.0048900287567851825,LIma-000008.png,LDep-000008.fdd
images/frida2_scene000009_v0050.png,50.0,000009,frida2,0.07824046010856292,LIma-000009.png,LDep-000009.fdd
images/frida2_scene000009_v0080.png,80.0,000009,frida2,0.04890028756785182,LIma-000009.png,LDep-000009.fdd
images/frida2_scene000009_v0100.png,100.0,000009,frida2,0.03912023005428146,LIma-000009.png,LDep-000009.fdd
images/frida2_scene000009_v0150.png,150.0,000009,frida2,0.026080153369520975,LIma-000009.png,LDep-000009.fdd
images/frida2_scene000009_v0200.png,200.0,000009,frida2,0.01956011502714073,LIma-000009.png,LDep-000009.fdd
images/frida2_scene000009_v0300.png,300.0,000009,frida2,0.013040076684760487,LIma-000009.png,LDep-000009.fdd
images/frida2_scene000009_v0500.png,500.0,000009,frida2,0.007824046010856293,LIma-000009.png,LDep-000009.fdd
images/frida2_scene000009_v0800.png,800.0,000009,frida2,0.0048900287567851825,LIma-000009.png,LDep-000009.fdd
images/frida2_scene000010_v0050.png,50.0,000010,frida2,0.07824046010856292,LIma-000010.png,LDep-000010.fdd
images/frida2_scene000010_v0080.png,80.0,000010,frida2,0.04890028756785182,LIma-000010.png,LDep-000010.fdd
images/frida2_scene000010_v0100.png,100.0,000010,frida2,0.03912023005428146,LIma-000010.png,LDep-000010.fdd
images/frida2_scene000010_v0150.png,150.0,000010,frida2,0.026080153369520975,LIma-000010.png,LDep-000010.fdd
images/frida2_scene000010_v0200.png,200.0,000010,frida2,0.01956011502714073,LIma-000010.png,LDep-000010.fdd
images/frida2_scene000010_v0300.png,300.0,000010,frida2,0.013040076684760487,LIma-000010.png,LDep-000010.fdd
images/frida2_scene000010_v0500.png,500.0,000010,frida2,0.007824046010856293,LIma-000010.png,LDep-000010.fdd
images/frida2_scene000010_v0800.png,800.0,000010,frida2,0.0048900287567851825,LIma-000010.png,LDep-000010.fdd
images/frida2_scene000011_v0050.png,50.0,000011,frida2,0.07824046010856292,LIma-000011.png,LDep-000011.fdd
images/frida2_scene000011_v0080.png,80.0,000011,frida2,0.04890028756785182,LIma-000011.png,LDep-000011.fdd
images/frida2_scene000011_v0100.png,100.0,000011,frida2,0.03912023005428146,LIma-000011.png,LDep-000011.fdd
images/frida2_scene000011_v0150.png,150.0,000011,frida2,0.026080153369520975,LIma-000011.png,LDep-000011.fdd
images/frida2_scene000011_v0200.png,200.0,000011,frida2,0.01956011502714073,LIma-000011.png,LDep-000011.fdd
images/frida2_scene000011_v0300.png,300.0,000011,frida2,0.013040076684760487,LIma-000011.png,LDep-000011.fdd
images/frida2_scene000011_v0500.png,500.0,000011,frida2,0.007824046010856293,LIma-000011.png,LDep-000011.fdd
images/frida2_scene000011_v0800.png,800.0,000011,frida2,0.0048900287567851825,LIma-000011.png,LDep-000011.fdd
images/frida2_scene000012_v0050.png,50.0,000012,frida2,0.07824046010856292,LIma-000012.png,LDep-000012.fdd
images/frida2_scene000012_v0080.png,80.0,000012,frida2,0.04890028756785182,LIma-000012.png,LDep-000012.fdd
images/frida2_scene000012_v0100.png,100.0,000012,frida2,0.03912023005428146,LIma-000012.png,LDep-000012.fdd
images/frida2_scene000012_v0150.png,150.0,000012,frida2,0.026080153369520975,LIma-000012.png,LDep-000012.fdd
images/frida2_scene000012_v0200.png,200.0,000012,frida2,0.01956011502714073,LIma-000012.png,LDep-000012.fdd
images/frida2_scene000012_v0300.png,300.0,000012,frida2,0.013040076684760487,LIma-000012.png,LDep-000012.fdd
images/frida2_scene000012_v0500.png,500.0,000012,frida2,0.007824046010856293,LIma-000012.png,LDep-000012.fdd
images/frida2_scene000012_v0800.png,800.0,000012,frida2,0.0048900287567851825,LIma-000012.png,LDep-000012.fdd
images/frida2_scene000013_v0050.png,50.0,000013,frida2,0.07824046010856292,LIma-000013.png,LDep-000013.fdd
images/frida2_scene000013_v0080.png,80.0,000013,frida2,0.04890028756785182,LIma-000013.png,LDep-000013.fdd
images/frida2_scene000013_v0100.png,100.0,000013,frida2,0.03912023005428146,LIma-000013.png,LDep-000013.fdd
images/frida2_scene000013_v0150.png,150.0,000013,frida2,0.026080153369520975,LIma-000013.png,LDep-000013.fdd
images/frida2_scene000013_v0200.png,200.0,000013,frida2,0.01956011502714073,LIma-000013.png,LDep-000013.fdd
images/frida2_scene000013_v0300.png,300.0,000013,frida2,0.013040076684760487,LIma-000013.png,LDep-000013.fdd
images/frida2_scene000013_v0500.png,500.0,000013,frida2,0.007824046010856293,LIma-000013.png,LDep-000013.fdd
images/frida2_scene000013_v0800.png,800.0,000013,frida2,0.0048900287567851825,LIma-000013.png,LDep-000013.fdd
images/frida2_scene000014_v0050.png,50.0,000014,frida2,0.07824046010856292,LIma-000014.png,LDep-000014.fdd
images/frida2_scene000014_v0080.png,80.0,000014,frida2,0.04890028756785182,LIma-000014.png,LDep-000014.fdd
images/frida2_scene000014_v0100.png,100.0,000014,frida2,0.03912023005428146,LIma-000014.png,LDep-000014.fdd
images/frida2_scene000014_v0150.png,150.0,000014,frida2,0.026080153369520975,LIma-000014.png,LDep-000014.fdd
images/frida2_scene000014_v0200.png,200.0,000014,frida2,0.01956011502714073,LIma-000014.png,LDep-000014.fdd
images/frida2_scene000014_v0300.png,300.0,000014,frida2,0.013040076684760487,LIma-000014.png,LDep-000014.fdd
images/frida2_scene000014_v0500.png,500.0,000014,frida2,0.007824046010856293,LIma-000014.png,LDep-000014.fdd
images/frida2_scene000014_v0800.png,800.0,000014,frida2,0.0048900287567851825,LIma-000014.png,LDep-000014.fdd
images/frida2_scene000015_v0050.png,50.0,000015,frida2,0.07824046010856292,LIma-000015.png,LDep-000015.fdd
images/frida2_scene000015_v0080.png,80.0,000015,frida2,0.04890028756785182,LIma-000015.png,LDep-000015.fdd
images/frida2_scene000015_v0100.png,100.0,000015,frida2,0.03912023005428146,LIma-000015.png,LDep-000015.fdd
images/frida2_scene000015_v0150.png,150.0,000015,frida2,0.026080153369520975,LIma-000015.png,LDep-000015.fdd
images/frida2_scene000015_v0200.png,200.0,000015,frida2,0.01956011502714073,LIma-000015.png,LDep-000015.fdd
images/frida2_scene000015_v0300.png,300.0,000015,frida2,0.013040076684760487,LIma-000015.png,LDep-000015.fdd
images/frida2_scene000015_v0500.png,500.0,000015,frida2,0.007824046010856293,LIma-000015.png,LDep-000015.fdd
images/frida2_scene000015_v0800.png,800.0,000015,frida2,0.0048900287567851825,LIma-000015.png,LDep-000015.fdd
images/frida2_scene000016_v0050.png,50.0,000016,frida2,0.07824046010856292,LIma-000016.png,LDep-000016.fdd
images/frida2_scene000016_v0080.png,80.0,000016,frida2,0.04890028756785182,LIma-000016.png,LDep-000016.fdd
images/frida2_scene000016_v0100.png,100.0,000016,frida2,0.03912023005428146,LIma-000016.png,LDep-000016.fdd
images/frida2_scene000016_v0150.png,150.0,000016,frida2,0.026080153369520975,LIma-000016.png,LDep-000016.fdd
images/frida2_scene000016_v0200.png,200.0,000016,frida2,0.01956011502714073,LIma-000016.png,LDep-000016.fdd
images/frida2_scene000016_v0300.png,300.0,000016,frida2,0.013040076684760487,LIma-000016.png,LDep-000016.fdd
images/frida2_scene000016_v0500.png,500.0,000016,frida2,0.007824046010856293,LIma-000016.png,LDep-000016.fdd
images/frida2_scene000016_v0800.png,800.0,000016,frida2,0.0048900287567851825,LIma-000016.png,LDep-000016.fdd
images/frida2_scene000017_v0050.png,50.0,000017,frida2,0.07824046010856292,LIma-000017.png,LDep-000017.fdd
images/frida2_scene000017_v0080.png,80.0,000017,frida2,0.04890028756785182,LIma-000017.png,LDep-000017.fdd
images/frida2_scene000017_v0100.png,100.0,000017,frida2,0.03912023005428146,LIma-000017.png,LDep-000017.fdd
images/frida2_scene000017_v0150.png,150.0,000017,frida2,0.026080153369520975,LIma-000017.png,LDep-000017.fdd
images/frida2_scene000017_v0200.png,200.0,000017,frida2,0.01956011502714073,LIma-000017.png,LDep-000017.fdd
images/frida2_scene000017_v0300.png,300.0,000017,frida2,0.013040076684760487,LIma-000017.png,LDep-000017.fdd
images/frida2_scene000017_v0500.png,500.0,000017,frida2,0.007824046010856293,LIma-000017.png,LDep-000017.fdd
images/frida2_scene000017_v0800.png,800.0,000017,frida2,0.0048900287567851825,LIma-000017.png,LDep-000017.fdd
images/frida2_scene000018_v0050.png,50.0,000018,frida2,0.07824046010856292,LIma-000018.png,LDep-000018.fdd
images/frida2_scene000018_v0080.png,80.0,000018,frida2,0.04890028756785182,LIma-000018.png,LDep-000018.fdd
images/frida2_scene000018_v0100.png,100.0,000018,frida2,0.03912023005428146,LIma-000018.png,LDep-000018.fdd
images/frida2_scene000018_v0150.png,150.0,000018,frida2,0.026080153369520975,LIma-000018.png,LDep-000018.fdd
images/frida2_scene000018_v0200.png,200.0,000018,frida2,0.01956011502714073,LIma-000018.png,LDep-000018.fdd
images/frida2_scene000018_v0300.png,300.0,000018,frida2,0.013040076684760487,LIma-000018.png,LDep-000018.fdd
images/frida2_scene000018_v0500.png,500.0,000018,frida2,0.007824046010856293,LIma-000018.png,LDep-000018.fdd
images/frida2_scene000018_v0800.png,800.0,000018,frida2,0.0048900287567851825,LIma-000018.png,LDep-000018.fdd
images/frida2_scene000019_v0050.png,50.0,000019,frida2,0.07824046010856292,LIma-000019.png,LDep-000019.fdd
images/frida2_scene000019_v0080.png,80.0,000019,frida2,0.04890028756785182,LIma-000019.png,LDep-000019.fdd
images/frida2_scene000019_v0100.png,100.0,000019,frida2,0.03912023005428146,LIma-000019.png,LDep-000019.fdd
images/frida2_scene000019_v0150.png,150.0,000019,frida2,0.026080153369520975,LIma-000019.png,LDep-000019.fdd
images/frida2_scene000019_v0200.png,200.0,000019,frida2,0.01956011502714073,LIma-000019.png,LDep-000019.fdd
images/frida2_scene000019_v0300.png,300.0,000019,frida2,0.013040076684760487,LIma-000019.png,LDep-000019.fdd
images/frida2_scene000019_v0500.png,500.0,000019,frida2,0.007824046010856293,LIma-000019.png,LDep-000019.fdd
images/frida2_scene000019_v0800.png,800.0,000019,frida2,0.0048900287567851825,LIma-000019.png,LDep-000019.fdd
images/frida2_scene000020_v0050.png,50.0,000020,frida2,0.07824046010856292,LIma-000020.png,LDep-000020.fdd
images/frida2_scene000020_v0080.png,80.0,000020,frida2,0.04890028756785182,LIma-000020.png,LDep-000020.fdd
images/frida2_scene000020_v0100.png,100.0,000020,frida2,0.03912023005428146,LIma-000020.png,LDep-000020.fdd
images/frida2_scene000020_v0150.png,150.0,000020,frida2,0.026080153369520975,LIma-000020.png,LDep-000020.fdd
images/frida2_scene000020_v0200.png,200.0,000020,frida2,0.01956011502714073,LIma-000020.png,LDep-000020.fdd
images/frida2_scene000020_v0300.png,300.0,000020,frida2,0.013040076684760487,LIma-000020.png,LDep-000020.fdd
images/frida2_scene000020_v0500.png,500.0,000020,frida2,0.007824046010856293,LIma-000020.png,LDep-000020.fdd
images/frida2_scene000020_v0800.png,800.0,000020,frida2,0.0048900287567851825,LIma-000020.png,LDep-000020.fdd
images/frida2_scene000021_v0050.png,50.0,000021,frida2,0.07824046010856292,LIma-000021.png,LDep-000021.fdd
images/frida2_scene000021_v0080.png,80.0,000021,frida2,0.04890028756785182,LIma-000021.png,LDep-000021.fdd
images/frida2_scene000021_v0100.png,100.0,000021,frida2,0.03912023005428146,LIma-000021.png,LDep-000021.fdd
images/frida2_scene000021_v0150.png,150.0,000021,frida2,0.026080153369520975,LIma-000021.png,LDep-000021.fdd
images/frida2_scene000021_v0200.png,200.0,000021,frida2,0.01956011502714073,LIma-000021.png,LDep-000021.fdd
images/frida2_scene000021_v0300.png,300.0,000021,frida2,0.013040076684760487,LIma-000021.png,LDep-000021.fdd
images/frida2_scene000021_v0500.png,500.0,000021,frida2,0.007824046010856293,LIma-000021.png,LDep-000021.fdd
images/frida2_scene000021_v0800.png,800.0,000021,frida2,0.0048900287567851825,LIma-000021.png,LDep-000021.fdd
images/frida2_scene000022_v0050.png,50.0,000022,frida2,0.07824046010856292,LIma-000022.png,LDep-000022.fdd
images/frida2_scene000022_v0080.png,80.0,000022,frida2,0.04890028756785182,LIma-000022.png,LDep-000022.fdd
images/frida2_scene000022_v0100.png,100.0,000022,frida2,0.03912023005428146,LIma-000022.png,LDep-000022.fdd
images/frida2_scene000022_v0150.png,150.0,000022,frida2,0.026080153369520975,LIma-000022.png,LDep-000022.fdd
images/frida2_scene000022_v0200.png,200.0,000022,frida2,0.01956011502714073,LIma-000022.png,LDep-000022.fdd
images/frida2_scene000022_v0300.png,300.0,000022,frida2,0.013040076684760487,LIma-000022.png,LDep-000022.fdd
images/frida2_scene000022_v0500.png,500.0,000022,frida2,0.007824046010856293,LIma-000022.png,LDep-000022.fdd
images/frida2_scene000022_v0800.png,800.0,000022,frida2,0.0048900287567851825,LIma-000022.png,LDep-000022.fdd
images/frida2_scene000023_v0050.png,50.0,000023,frida2,0.07824046010856292,LIma-000023.png,LDep-000023.fdd
images/frida2_scene000023_v0080.png,80.0,000023,frida2,0.04890028756785182,LIma-000023.png,LDep-000023.fdd
images/frida2_scene000023_v0100.png,100.0,000023,frida2,0.03912023005428146,LIma-000023.png,LDep-000023.fdd
images/frida2_scene000023_v0150.png,150.0,000023,frida2,0.026080153369520975,LIma-000023.png,LDep-000023.fdd
images/frida2_scene000023_v0200.png,200.0,000023,frida2,0.01956011502714073,LIma-000023.png,LDep-000023.fdd
images/frida2_scene000023_v0300.png,300.0,000023,frida2,0.013040076684760487,LIma-000023.png,LDep-000023.fdd
images/frida2_scene000023_v0500.png,500.0,000023,frida2,0.007824046010856293,LIma-000023.png,LDep-000023.fdd
images/frida2_scene000023_v0800.png,800.0,000023,frida2,0.0048900287567851825,LIma-000023.png,LDep-000023.fdd
images/frida2_scene000024_v0050.png,50.0,000024,frida2,0.07824046010856292,LIma-000024.png,LDep-000024.fdd
images/frida2_scene000024_v0080.png,80.0,000024,frida2,0.04890028756785182,LIma-000024.png,LDep-000024.fdd
images/frida2_scene000024_v0100.png,100.0,000024,frida2,0.03912023005428146,LIma-000024.png,LDep-000024.fdd
images/frida2_scene000024_v0150.png,150.0,000024,frida2,0.026080153369520975,LIma-000024.png,LDep-000024.fdd
images/frida2_scene000024_v0200.png,200.0,000024,frida2,0.01956011502714073,LIma-000024.png,LDep-000024.fdd
images/frida2_scene000024_v0300.png,300.0,000024,frida2,0.013040076684760487,LIma-000024.png,LDep-000024.fdd
images/frida2_scene000024_v0500.png,500.0,000024,frida2,0.007824046010856293,LIma-000024.png,LDep-000024.fdd
images/frida2_scene000024_v0800.png,800.0,000024,frida2,0.0048900287567851825,LIma-000024.png,LDep-000024.fdd
images/frida2_scene000025_v0050.png,50.0,000025,frida2,0.07824046010856292,LIma-000025.png,LDep-000025.fdd
images/frida2_scene000025_v0080.png,80.0,000025,frida2,0.04890028756785182,LIma-000025.png,LDep-000025.fdd
images/frida2_scene000025_v0100.png,100.0,000025,frida2,0.03912023005428146,LIma-000025.png,LDep-000025.fdd
images/frida2_scene000025_v0150.png,150.0,000025,frida2,0.026080153369520975,LIma-000025.png,LDep-000025.fdd
images/frida2_scene000025_v0200.png,200.0,000025,frida2,0.01956011502714073,LIma-000025.png,LDep-000025.fdd
images/frida2_scene000025_v0300.png,300.0,000025,frida2,0.013040076684760487,LIma-000025.png,LDep-000025.fdd
images/frida2_scene000025_v0500.png,500.0,000025,frida2,0.007824046010856293,LIma-000025.png,LDep-000025.fdd
images/frida2_scene000025_v0800.png,800.0,000025,frida2,0.0048900287567851825,LIma-000025.png,LDep-000025.fdd
images/frida2_scene000026_v0050.png,50.0,000026,frida2,0.07824046010856292,LIma-000026.png,LDep-000026.fdd
images/frida2_scene000026_v0080.png,80.0,000026,frida2,0.04890028756785182,LIma-000026.png,LDep-000026.fdd
images/frida2_scene000026_v0100.png,100.0,000026,frida2,0.03912023005428146,LIma-000026.png,LDep-000026.fdd
images/frida2_scene000026_v0150.png,150.0,000026,frida2,0.026080153369520975,LIma-000026.png,LDep-000026.fdd
images/frida2_scene000026_v0200.png,200.0,000026,frida2,0.01956011502714073,LIma-000026.png,LDep-000026.fdd
images/frida2_scene000026_v0300.png,300.0,000026,frida2,0.013040076684760487,LIma-000026.png,LDep-000026.fdd
images/frida2_scene000026_v0500.png,500.0,000026,frida2,0.007824046010856293,LIma-000026.png,LDep-000026.fdd
images/frida2_scene000026_v0800.png,800.0,000026,frida2,0.0048900287567851825,LIma-000026.png,LDep-000026.fdd
images/frida2_scene000027_v0050.png,50.0,000027,frida2,0.07824046010856292,LIma-000027.png,LDep-000027.fdd
images/frida2_scene000027_v0080.png,80.0,000027,frida2,0.04890028756785182,LIma-000027.png,LDep-000027.fdd
images/frida2_scene000027_v0100.png,100.0,000027,frida2,0.03912023005428146,LIma-000027.png,LDep-000027.fdd
images/frida2_scene000027_v0150.png,150.0,000027,frida2,0.026080153369520975,LIma-000027.png,LDep-000027.fdd
images/frida2_scene000027_v0200.png,200.0,000027,frida2,0.01956011502714073,LIma-000027.png,LDep-000027.fdd
images/frida2_scene000027_v0300.png,300.0,000027,frida2,0.013040076684760487,LIma-000027.png,LDep-000027.fdd
images/frida2_scene000027_v0500.png,500.0,000027,frida2,0.007824046010856293,LIma-000027.png,LDep-000027.fdd
images/frida2_scene000027_v0800.png,800.0,000027,frida2,0.0048900287567851825,LIma-000027.png,LDep-000027.fdd
images/frida2_scene000028_v0050.png,50.0,000028,frida2,0.07824046010856292,LIma-000028.png,LDep-000028.fdd
images/frida2_scene000028_v0080.png,80.0,000028,frida2,0.04890028756785182,LIma-000028.png,LDep-000028.fdd
images/frida2_scene000028_v0100.png,100.0,000028,frida2,0.03912023005428146,LIma-000028.png,LDep-000028.fdd
images/frida2_scene000028_v0150.png,150.0,000028,frida2,0.026080153369520975,LIma-000028.png,LDep-000028.fdd
images/frida2_scene000028_v0200.png,200.0,000028,frida2,0.01956011502714073,LIma-000028.png,LDep-000028.fdd
images/frida2_scene000028_v0300.png,300.0,000028,frida2,0.013040076684760487,LIma-000028.png,LDep-000028.fdd
images/frida2_scene000028_v0500.png,500.0,000028,frida2,0.007824046010856293,LIma-000028.png,LDep-000028.fdd
images/frida2_scene000028_v0800.png,800.0,000028,frida2,0.0048900287567851825,LIma-000028.png,LDep-000028.fdd
images/frida2_scene000029_v0050.png,50.0,000029,frida2,0.07824046010856292,LIma-000029.png,LDep-000029.fdd
images/frida2_scene000029_v0080.png,80.0,000029,frida2,0.04890028756785182,LIma-000029.png,LDep-000029.fdd
images/frida2_scene000029_v0100.png,100.0,000029,frida2,0.03912023005428146,LIma-000029.png,LDep-000029.fdd
images/frida2_scene000029_v0150.png,150.0,000029,frida2,0.026080153369520975,LIma-000029.png,LDep-000029.fdd
images/frida2_scene000029_v0200.png,200.0,000029,frida2,0.01956011502714073,LIma-000029.png,LDep-000029.fdd
images/frida2_scene000029_v0300.png,300.0,000029,frida2,0.013040076684760487,LIma-000029.png,LDep-000029.fdd
images/frida2_scene000029_v0500.png,500.0,000029,frida2,0.007824046010856293,LIma-000029.png,LDep-000029.fdd
images/frida2_scene000029_v0800.png,800.0,000029,frida2,0.0048900287567851825,LIma-000029.png,LDep-000029.fdd
images/frida2_scene000030_v0050.png,50.0,000030,frida2,0.07824046010856292,LIma-000030.png,LDep-000030.fdd
images/frida2_scene000030_v0080.png,80.0,000030,frida2,0.04890028756785182,LIma-000030.png,LDep-000030.fdd
images/frida2_scene000030_v0100.png,100.0,000030,frida2,0.03912023005428146,LIma-000030.png,LDep-000030.fdd
images/frida2_scene000030_v0150.png,150.0,000030,frida2,0.026080153369520975,LIma-000030.png,LDep-000030.fdd
images/frida2_scene000030_v0200.png,200.0,000030,frida2,0.01956011502714073,LIma-000030.png,LDep-000030.fdd
images/frida2_scene000030_v0300.png,300.0,000030,frida2,0.013040076684760487,LIma-000030.png,LDep-000030.fdd
images/frida2_scene000030_v0500.png,500.0,000030,frida2,0.007824046010856293,LIma-000030.png,LDep-000030.fdd
images/frida2_scene000030_v0800.png,800.0,000030,frida2,0.0048900287567851825,LIma-000030.png,LDep-000030.fdd
images/frida2_scene000031_v0050.png,50.0,000031,frida2,0.07824046010856292,LIma-000031.png,LDep-000031.fdd
images/frida2_scene000031_v0080.png,80.0,000031,frida2,0.04890028756785182,LIma-000031.png,LDep-000031.fdd
images/frida2_scene000031_v0100.png,100.0,000031,frida2,0.03912023005428146,LIma-000031.png,LDep-000031.fdd
images/frida2_scene000031_v0150.png,150.0,000031,frida2,0.026080153369520975,LIma-000031.png,LDep-000031.fdd
images/frida2_scene000031_v0200.png,200.0,000031,frida2,0.01956011502714073,LIma-000031.png,LDep-000031.fdd
images/frida2_scene000031_v0300.png,300.0,000031,frida2,0.013040076684760487,LIma-000031.png,LDep-000031.fdd
images/frida2_scene000031_v0500.png,500.0,000031,frida2,0.007824046010856293,LIma-000031.png,LDep-000031.fdd
images/frida2_scene000031_v0800.png,800.0,000031,frida2,0.0048900287567851825,LIma-000031.png,LDep-000031.fdd
images/frida2_scene000032_v0050.png,50.0,000032,frida2,0.07824046010856292,LIma-000032.png,LDep-000032.fdd
images/frida2_scene000032_v0080.png,80.0,000032,frida2,0.04890028756785182,LIma-000032.png,LDep-000032.fdd
images/frida2_scene000032_v0100.png,100.0,000032,frida2,0.03912023005428146,LIma-000032.png,LDep-000032.fdd
images/frida2_scene000032_v0150.png,150.0,000032,frida2,0.026080153369520975,LIma-000032.png,LDep-000032.fdd
images/frida2_scene000032_v0200.png,200.0,000032,frida2,0.01956011502714073,LIma-000032.png,LDep-000032.fdd
images/frida2_scene000032_v0300.png,300.0,000032,frida2,0.013040076684760487,LIma-000032.png,LDep-000032.fdd
images/frida2_scene000032_v0500.png,500.0,000032,frida2,0.007824046010856293,LIma-000032.png,LDep-000032.fdd
images/frida2_scene000032_v0800.png,800.0,000032,frida2,0.0048900287567851825,LIma-000032.png,LDep-000032.fdd
images/frida2_scene000033_v0050.png,50.0,000033,frida2,0.07824046010856292,LIma-000033.png,LDep-000033.fdd
images/frida2_scene000033_v0080.png,80.0,000033,frida2,0.04890028756785182,LIma-000033.png,LDep-000033.fdd
images/frida2_scene000033_v0100.png,100.0,000033,frida2,0.03912023005428146,LIma-000033.png,LDep-000033.fdd
images/frida2_scene000033_v0150.png,150.0,000033,frida2,0.026080153369520975,LIma-000033.png,LDep-000033.fdd
images/frida2_scene000033_v0200.png,200.0,000033,frida2,0.01956011502714073,LIma-000033.png,LDep-000033.fdd
images/frida2_scene000033_v0300.png,300.0,000033,frida2,0.013040076684760487,LIma-000033.png,LDep-000033.fdd
images/frida2_scene000033_v0500.png,500.0,000033,frida2,0.007824046010856293,LIma-000033.png,LDep-000033.fdd
images/frida2_scene000033_v0800.png,800.0,000033,frida2,0.0048900287567851825,LIma-000033.png,LDep-000033.fdd
images/frida2_scene000034_v0050.png,50.0,000034,frida2,0.07824046010856292,LIma-000034.png,LDep-000034.fdd
images/frida2_scene000034_v0080.png,80.0,000034,frida2,0.04890028756785182,LIma-000034.png,LDep-000034.fdd
images/frida2_scene000034_v0100.png,100.0,000034,frida2,0.03912023005428146,LIma-000034.png,LDep-000034.fdd
images/frida2_scene000034_v0150.png,150.0,000034,frida2,0.026080153369520975,LIma-000034.png,LDep-000034.fdd
images/frida2_scene000034_v0200.png,200.0,000034,frida2,0.01956011502714073,LIma-000034.png,LDep-000034.fdd
images/frida2_scene000034_v0300.png,300.0,000034,frida2,0.013040076684760487,LIma-000034.png,LDep-000034.fdd
images/frida2_scene000034_v0500.png,500.0,000034,frida2,0.007824046010856293,LIma-000034.png,LDep-000034.fdd
images/frida2_scene000034_v0800.png,800.0,000034,frida2,0.0048900287567851825,LIma-000034.png,LDep-000034.fdd
images/frida2_scene000035_v0050.png,50.0,000035,frida2,0.07824046010856292,LIma-000035.png,LDep-000035.fdd
images/frida2_scene000035_v0080.png,80.0,000035,frida2,0.04890028756785182,LIma-000035.png,LDep-000035.fdd
images/frida2_scene000035_v0100.png,100.0,000035,frida2,0.03912023005428146,LIma-000035.png,LDep-000035.fdd
images/frida2_scene000035_v0150.png,150.0,000035,frida2,0.026080153369520975,LIma-000035.png,LDep-000035.fdd
images/frida2_scene000035_v0200.png,200.0,000035,frida2,0.01956011502714073,LIma-000035.png,LDep-000035.fdd
images/frida2_scene000035_v0300.png,300.0,000035,frida2,0.013040076684760487,LIma-000035.png,LDep-000035.fdd
images/frida2_scene000035_v0500.png,500.0,000035,frida2,0.007824046010856293,LIma-000035.png,LDep-000035.fdd
images/frida2_scene000035_v0800.png,800.0,000035,frida2,0.0048900287567851825,LIma-000035.png,LDep-000035.fdd
images/frida2_scene000036_v0050.png,50.0,000036,frida2,0.07824046010856292,LIma-000036.png,LDep-000036.fdd
images/frida2_scene000036_v0080.png,80.0,000036,frida2,0.04890028756785182,LIma-000036.png,LDep-000036.fdd
images/frida2_scene000036_v0100.png,100.0,000036,frida2,0.03912023005428146,LIma-000036.png,LDep-000036.fdd
images/frida2_scene000036_v0150.png,150.0,000036,frida2,0.026080153369520975,LIma-000036.png,LDep-000036.fdd
images/frida2_scene000036_v0200.png,200.0,000036,frida2,0.01956011502714073,LIma-000036.png,LDep-000036.fdd
images/frida2_scene000036_v0300.png,300.0,000036,frida2,0.013040076684760487,LIma-000036.png,LDep-000036.fdd
images/frida2_scene000036_v0500.png,500.0,000036,frida2,0.007824046010856293,LIma-000036.png,LDep-000036.fdd
images/frida2_scene000036_v0800.png,800.0,000036,frida2,0.0048900287567851825,LIma-000036.png,LDep-000036.fdd
images/frida2_scene000037_v0050.png,50.0,000037,frida2,0.07824046010856292,LIma-000037.png,LDep-000037.fdd
images/frida2_scene000037_v0080.png,80.0,000037,frida2,0.04890028756785182,LIma-000037.png,LDep-000037.fdd
images/frida2_scene000037_v0100.png,100.0,000037,frida2,0.03912023005428146,LIma-000037.png,LDep-000037.fdd
images/frida2_scene000037_v0150.png,150.0,000037,frida2,0.026080153369520975,LIma-000037.png,LDep-000037.fdd
images/frida2_scene000037_v0200.png,200.0,000037,frida2,0.01956011502714073,LIma-000037.png,LDep-000037.fdd
images/frida2_scene000037_v0300.png,300.0,000037,frida2,0.013040076684760487,LIma-000037.png,LDep-000037.fdd
images/frida2_scene000037_v0500.png,500.0,000037,frida2,0.007824046010856293,LIma-000037.png,LDep-000037.fdd
images/frida2_scene000037_v0800.png,800.0,000037,frida2,0.0048900287567851825,LIma-000037.png,LDep-000037.fdd
images/frida2_scene000038_v0050.png,50.0,000038,frida2,0.07824046010856292,LIma-000038.png,LDep-000038.fdd
images/frida2_scene000038_v0080.png,80.0,000038,frida2,0.04890028756785182,LIma-000038.png,LDep-000038.fdd
images/frida2_scene000038_v0100.png,100.0,000038,frida2,0.03912023005428146,LIma-000038.png,LDep-000038.fdd
images/frida2_scene000038_v0150.png,150.0,000038,frida2,0.026080153369520975,LIma-000038.png,LDep-000038.fdd
images/frida2_scene000038_v0200.png,200.0,000038,frida2,0.01956011502714073,LIma-000038.png,LDep-000038.fdd
images/frida2_scene000038_v0300.png,300.0,000038,frida2,0.013040076684760487,LIma-000038.png,LDep-000038.fdd
images/frida2_scene000038_v0500.png,500.0,000038,frida2,0.007824046010856293,LIma-000038.png,LDep-000038.fdd
images/frida2_scene000038_v0800.png,800.0,000038,frida2,0.0048900287567851825,LIma-000038.png,LDep-000038.fdd
images/frida2_scene000039_v0050.png,50.0,000039,frida2,0.07824046010856292,LIma-000039.png,LDep-000039.fdd
images/frida2_scene000039_v0080.png,80.0,000039,frida2,0.04890028756785182,LIma-000039.png,LDep-000039.fdd
images/frida2_scene000039_v0100.png,100.0,000039,frida2,0.03912023005428146,LIma-000039.png,LDep-000039.fdd
images/frida2_scene000039_v0150.png,150.0,000039,frida2,0.026080153369520975,LIma-000039.png,LDep-000039.fdd
images/frida2_scene000039_v0200.png,200.0,000039,frida2,0.01956011502714073,LIma-000039.png,LDep-000039.fdd
images/frida2_scene000039_v0300.png,300.0,000039,frida2,0.013040076684760487,LIma-000039.png,LDep-000039.fdd
images/frida2_scene000039_v0500.png,500.0,000039,frida2,0.007824046010856293,LIma-000039.png,LDep-000039.fdd
images/frida2_scene000039_v0800.png,800.0,000039,frida2,0.0048900287567851825,LIma-000039.png,LDep-000039.fdd
images/frida2_scene000040_v0050.png,50.0,000040,frida2,0.07824046010856292,LIma-000040.png,LDep-000040.fdd
images/frida2_scene000040_v0080.png,80.0,000040,frida2,0.04890028756785182,LIma-000040.png,LDep-000040.fdd
images/frida2_scene000040_v0100.png,100.0,000040,frida2,0.03912023005428146,LIma-000040.png,LDep-000040.fdd
images/frida2_scene000040_v0150.png,150.0,000040,frida2,0.026080153369520975,LIma-000040.png,LDep-000040.fdd
images/frida2_scene000040_v0200.png,200.0,000040,frida2,0.01956011502714073,LIma-000040.png,LDep-000040.fdd
images/frida2_scene000040_v0300.png,300.0,000040,frida2,0.013040076684760487,LIma-000040.png,LDep-000040.fdd
images/frida2_scene000040_v0500.png,500.0,000040,frida2,0.007824046010856293,LIma-000040.png,LDep-000040.fdd
images/frida2_scene000040_v0800.png,800.0,000040,frida2,0.0048900287567851825,LIma-000040.png,LDep-000040.fdd
images/frida2_scene000041_v0050.png,50.0,000041,frida2,0.07824046010856292,LIma-000041.png,LDep-000041.fdd
images/frida2_scene000041_v0080.png,80.0,000041,frida2,0.04890028756785182,LIma-000041.png,LDep-000041.fdd
images/frida2_scene000041_v0100.png,100.0,000041,frida2,0.03912023005428146,LIma-000041.png,LDep-000041.fdd
images/frida2_scene000041_v0150.png,150.0,000041,frida2,0.026080153369520975,LIma-000041.png,LDep-000041.fdd
images/frida2_scene000041_v0200.png,200.0,000041,frida2,0.01956011502714073,LIma-000041.png,LDep-000041.fdd
images/frida2_scene000041_v0300.png,300.0,000041,frida2,0.013040076684760487,LIma-000041.png,LDep-000041.fdd
images/frida2_scene000041_v0500.png,500.0,000041,frida2,0.007824046010856293,LIma-000041.png,LDep-000041.fdd
images/frida2_scene000041_v0800.png,800.0,000041,frida2,0.0048900287567851825,LIma-000041.png,LDep-000041.fdd
images/frida2_scene000042_v0050.png,50.0,000042,frida2,0.07824046010856292,LIma-000042.png,LDep-000042.fdd
images/frida2_scene000042_v0080.png,80.0,000042,frida2,0.04890028756785182,LIma-000042.png,LDep-000042.fdd
images/frida2_scene000042_v0100.png,100.0,000042,frida2,0.03912023005428146,LIma-000042.png,LDep-000042.fdd
images/frida2_scene000042_v0150.png,150.0,000042,frida2,0.026080153369520975,LIma-000042.png,LDep-000042.fdd
images/frida2_scene000042_v0200.png,200.0,000042,frida2,0.01956011502714073,LIma-000042.png,LDep-000042.fdd
images/frida2_scene000042_v0300.png,300.0,000042,frida2,0.013040076684760487,LIma-000042.png,LDep-000042.fdd
images/frida2_scene000042_v0500.png,500.0,000042,frida2,0.007824046010856293,LIma-000042.png,LDep-000042.fdd
images/frida2_scene000042_v0800.png,800.0,000042,frida2,0.0048900287567851825,LIma-000042.png,LDep-000042.fdd
images/frida2_scene000043_v0050.png,50.0,000043,frida2,0.07824046010856292,LIma-000043.png,LDep-000043.fdd
images/frida2_scene000043_v0080.png,80.0,000043,frida2,0.04890028756785182,LIma-000043.png,LDep-000043.fdd
images/frida2_scene000043_v0100.png,100.0,000043,frida2,0.03912023005428146,LIma-000043.png,LDep-000043.fdd
images/frida2_scene000043_v0150.png,150.0,000043,frida2,0.026080153369520975,LIma-000043.png,LDep-000043.fdd
images/frida2_scene000043_v0200.png,200.0,000043,frida2,0.01956011502714073,LIma-000043.png,LDep-000043.fdd
images/frida2_scene000043_v0300.png,300.0,000043,frida2,0.013040076684760487,LIma-000043.png,LDep-000043.fdd
images/frida2_scene000043_v0500.png,500.0,000043,frida2,0.007824046010856293,LIma-000043.png,LDep-000043.fdd
images/frida2_scene000043_v0800.png,800.0,000043,frida2,0.0048900287567851825,LIma-000043.png,LDep-000043.fdd
images/frida2_scene000044_v0050.png,50.0,000044,frida2,0.07824046010856292,LIma-000044.png,LDep-000044.fdd
images/frida2_scene000044_v0080.png,80.0,000044,frida2,0.04890028756785182,LIma-000044.png,LDep-000044.fdd
images/frida2_scene000044_v0100.png,100.0,000044,frida2,0.03912023005428146,LIma-000044.png,LDep-000044.fdd
images/frida2_scene000044_v0150.png,150.0,000044,frida2,0.026080153369520975,LIma-000044.png,LDep-000044.fdd
images/frida2_scene000044_v0200.png,200.0,000044,frida2,0.01956011502714073,LIma-000044.png,LDep-000044.fdd
images/frida2_scene000044_v0300.png,300.0,000044,frida2,0.013040076684760487,LIma-000044.png,LDep-000044.fdd
images/frida2_scene000044_v0500.png,500.0,000044,frida2,0.007824046010856293,LIma-000044.png,LDep-000044.fdd
images/frida2_scene000044_v0800.png,800.0,000044,frida2,0.0048900287567851825,LIma-000044.png,LDep-000044.fdd
images/frida2_scene000045_v0050.png,50.0,000045,frida2,0.07824046010856292,LIma-000045.png,LDep-000045.fdd
images/frida2_scene000045_v0080.png,80.0,000045,frida2,0.04890028756785182,LIma-000045.png,LDep-000045.fdd
images/frida2_scene000045_v0100.png,100.0,000045,frida2,0.03912023005428146,LIma-000045.png,LDep-000045.fdd
images/frida2_scene000045_v0150.png,150.0,000045,frida2,0.026080153369520975,LIma-000045.png,LDep-000045.fdd
images/frida2_scene000045_v0200.png,200.0,000045,frida2,0.01956011502714073,LIma-000045.png,LDep-000045.fdd
images/frida2_scene000045_v0300.png,300.0,000045,frida2,0.013040076684760487,LIma-000045.png,LDep-000045.fdd
images/frida2_scene000045_v0500.png,500.0,000045,frida2,0.007824046010856293,LIma-000045.png,LDep-000045.fdd
images/frida2_scene000045_v0800.png,800.0,000045,frida2,0.0048900287567851825,LIma-000045.png,LDep-000045.fdd
images/frida2_scene000046_v0050.png,50.0,000046,frida2,0.07824046010856292,LIma-000046.png,LDep-000046.fdd
images/frida2_scene000046_v0080.png,80.0,000046,frida2,0.04890028756785182,LIma-000046.png,LDep-000046.fdd
images/frida2_scene000046_v0100.png,100.0,000046,frida2,0.03912023005428146,LIma-000046.png,LDep-000046.fdd
images/frida2_scene000046_v0150.png,150.0,000046,frida2,0.026080153369520975,LIma-000046.png,LDep-000046.fdd
images/frida2_scene000046_v0200.png,200.0,000046,frida2,0.01956011502714073,LIma-000046.png,LDep-000046.fdd
images/frida2_scene000046_v0300.png,300.0,000046,frida2,0.013040076684760487,LIma-000046.png,LDep-000046.fdd
images/frida2_scene000046_v0500.png,500.0,000046,frida2,0.007824046010856293,LIma-000046.png,LDep-000046.fdd
images/frida2_scene000046_v0800.png,800.0,000046,frida2,0.0048900287567851825,LIma-000046.png,LDep-000046.fdd
images/frida2_scene000047_v0050.png,50.0,000047,frida2,0.07824046010856292,LIma-000047.png,LDep-000047.fdd
images/frida2_scene000047_v0080.png,80.0,000047,frida2,0.04890028756785182,LIma-000047.png,LDep-000047.fdd
images/frida2_scene000047_v0100.png,100.0,000047,frida2,0.03912023005428146,LIma-000047.png,LDep-000047.fdd
images/frida2_scene000047_v0150.png,150.0,000047,frida2,0.026080153369520975,LIma-000047.png,LDep-000047.fdd
images/frida2_scene000047_v0200.png,200.0,000047,frida2,0.01956011502714073,LIma-000047.png,LDep-000047.fdd
images/frida2_scene000047_v0300.png,300.0,000047,frida2,0.013040076684760487,LIma-000047.png,LDep-000047.fdd
images/frida2_scene000047_v0500.png,500.0,000047,frida2,0.007824046010856293,LIma-000047.png,LDep-000047.fdd
images/frida2_scene000047_v0800.png,800.0,000047,frida2,0.0048900287567851825,LIma-000047.png,LDep-000047.fdd
images/frida2_scene000048_v0050.png,50.0,000048,frida2,0.07824046010856292,LIma-000048.png,LDep-000048.fdd
images/frida2_scene000048_v0080.png,80.0,000048,frida2,0.04890028756785182,LIma-000048.png,LDep-000048.fdd
images/frida2_scene000048_v0100.png,100.0,000048,frida2,0.03912023005428146,LIma-000048.png,LDep-000048.fdd
images/frida2_scene000048_v0150.png,150.0,000048,frida2,0.026080153369520975,LIma-000048.png,LDep-000048.fdd
images/frida2_scene000048_v0200.png,200.0,000048,frida2,0.01956011502714073,LIma-000048.png,LDep-000048.fdd
images/frida2_scene000048_v0300.png,300.0,000048,frida2,0.013040076684760487,LIma-000048.png,LDep-000048.fdd
images/frida2_scene000048_v0500.png,500.0,000048,frida2,0.007824046010856293,LIma-000048.png,LDep-000048.fdd
images/frida2_scene000048_v0800.png,800.0,000048,frida2,0.0048900287567851825,LIma-000048.png,LDep-000048.fdd
images/frida2_scene000049_v0050.png,50.0,000049,frida2,0.07824046010856292,LIma-000049.png,LDep-000049.fdd
images/frida2_scene000049_v0080.png,80.0,000049,frida2,0.04890028756785182,LIma-000049.png,LDep-000049.fdd
images/frida2_scene000049_v0100.png,100.0,000049,frida2,0.03912023005428146,LIma-000049.png,LDep-000049.fdd
images/frida2_scene000049_v0150.png,150.0,000049,frida2,0.026080153369520975,LIma-000049.png,LDep-000049.fdd
images/frida2_scene000049_v0200.png,200.0,000049,frida2,0.01956011502714073,LIma-000049.png,LDep-000049.fdd
images/frida2_scene000049_v0300.png,300.0,000049,frida2,0.013040076684760487,LIma-000049.png,LDep-000049.fdd
images/frida2_scene000049_v0500.png,500.0,000049,frida2,0.007824046010856293,LIma-000049.png,LDep-000049.fdd
images/frida2_scene000049_v0800.png,800.0,000049,frida2,0.0048900287567851825,LIma-000049.png,LDep-000049.fdd
images/frida2_scene000050_v0050.png,50.0,000050,frida2,0.07824046010856292,LIma-000050.png,LDep-000050.fdd
images/frida2_scene000050_v0080.png,80.0,000050,frida2,0.04890028756785182,LIma-000050.png,LDep-000050.fdd
images/frida2_scene000050_v0100.png,100.0,000050,frida2,0.03912023005428146,LIma-000050.png,LDep-000050.fdd
images/frida2_scene000050_v0150.png,150.0,000050,frida2,0.026080153369520975,LIma-000050.png,LDep-000050.fdd
images/frida2_scene000050_v0200.png,200.0,000050,frida2,0.01956011502714073,LIma-000050.png,LDep-000050.fdd
images/frida2_scene000050_v0300.png,300.0,000050,frida2,0.013040076684760487,LIma-000050.png,LDep-000050.fdd
images/frida2_scene000050_v0500.png,500.0,000050,frida2,0.007824046010856293,LIma-000050.png,LDep-000050.fdd
images/frida2_scene000050_v0800.png,800.0,000050,frida2,0.0048900287567851825,LIma-000050.png,LDep-000050.fdd
images/frida2_scene000051_v0050.png,50.0,000051,frida2,0.07824046010856292,LIma-000051.png,LDep-000051.fdd
images/frida2_scene000051_v0080.png,80.0,000051,frida2,0.04890028756785182,LIma-000051.png,LDep-000051.fdd
images/frida2_scene000051_v0100.png,100.0,000051,frida2,0.03912023005428146,LIma-000051.png,LDep-000051.fdd
images/frida2_scene000051_v0150.png,150.0,000051,frida2,0.026080153369520975,LIma-000051.png,LDep-000051.fdd
images/frida2_scene000051_v0200.png,200.0,000051,frida2,0.01956011502714073,LIma-000051.png,LDep-000051.fdd
images/frida2_scene000051_v0300.png,300.0,000051,frida2,0.013040076684760487,LIma-000051.png,LDep-000051.fdd
images/frida2_scene000051_v0500.png,500.0,000051,frida2,0.007824046010856293,LIma-000051.png,LDep-000051.fdd
images/frida2_scene000051_v0800.png,800.0,000051,frida2,0.0048900287567851825,LIma-000051.png,LDep-000051.fdd
images/frida2_scene000052_v0050.png,50.0,000052,frida2,0.07824046010856292,LIma-000052.png,LDep-000052.fdd
images/frida2_scene000052_v0080.png,80.0,000052,frida2,0.04890028756785182,LIma-000052.png,LDep-000052.fdd
images/frida2_scene000052_v0100.png,100.0,000052,frida2,0.03912023005428146,LIma-000052.png,LDep-000052.fdd
images/frida2_scene000052_v0150.png,150.0,000052,frida2,0.026080153369520975,LIma-000052.png,LDep-000052.fdd
images/frida2_scene000052_v0200.png,200.0,000052,frida2,0.01956011502714073,LIma-000052.png,LDep-000052.fdd
images/frida2_scene000052_v0300.png,300.0,000052,frida2,0.013040076684760487,LIma-000052.png,LDep-000052.fdd
images/frida2_scene000052_v0500.png,500.0,000052,frida2,0.007824046010856293,LIma-000052.png,LDep-000052.fdd
images/frida2_scene000052_v0800.png,800.0,000052,frida2,0.0048900287567851825,LIma-000052.png,LDep-000052.fdd
images/frida2_scene000053_v0050.png,50.0,000053,frida2,0.07824046010856292,LIma-000053.png,LDep-000053.fdd
images/frida2_scene000053_v0080.png,80.0,000053,frida2,0.04890028756785182,LIma-000053.png,LDep-000053.fdd
images/frida2_scene000053_v0100.png,100.0,000053,frida2,0.03912023005428146,LIma-000053.png,LDep-000053.fdd
images/frida2_scene000053_v0150.png,150.0,000053,frida2,0.026080153369520975,LIma-000053.png,LDep-000053.fdd
images/frida2_scene000053_v0200.png,200.0,000053,frida2,0.01956011502714073,LIma-000053.png,LDep-000053.fdd
images/frida2_scene000053_v0300.png,300.0,000053,frida2,0.013040076684760487,LIma-000053.png,LDep-000053.fdd
images/frida2_scene000053_v0500.png,500.0,000053,frida2,0.007824046010856293,LIma-000053.png,LDep-000053.fdd
images/frida2_scene000053_v0800.png,800.0,000053,frida2,0.0048900287567851825,LIma-000053.png,LDep-000053.fdd
images/frida2_scene000054_v0050.png,50.0,000054,frida2,0.07824046010856292,LIma-000054.png,LDep-000054.fdd
images/frida2_scene000054_v0080.png,80.0,000054,frida2,0.04890028756785182,LIma-000054.png,LDep-000054.fdd
images/frida2_scene000054_v0100.png,100.0,000054,frida2,0.03912023005428146,LIma-000054.png,LDep-000054.fdd
images/frida2_scene000054_v0150.png,150.0,000054,frida2,0.026080153369520975,LIma-000054.png,LDep-000054.fdd
images/frida2_scene000054_v0200.png,200.0,000054,frida2,0.01956011502714073,LIma-000054.png,LDep-000054.fdd
images/frida2_scene000054_v0300.png,300.0,000054,frida2,0.013040076684760487,LIma-000054.png,LDep-000054.fdd
images/frida2_scene000054_v0500.png,500.0,000054,frida2,0.007824046010856293,LIma-000054.png,LDep-000054.fdd
images/frida2_scene000054_v0800.png,800.0,000054,frida2,0.0048900287567851825,LIma-000054.png,LDep-000054.fdd
images/frida2_scene000055_v0050.png,50.0,000055,frida2,0.07824046010856292,LIma-000055.png,LDep-000055.fdd
images/frida2_scene000055_v0080.png,80.0,000055,frida2,0.04890028756785182,LIma-000055.png,LDep-000055.fdd
images/frida2_scene000055_v0100.png,100.0,000055,frida2,0.03912023005428146,LIma-000055.png,LDep-000055.fdd
images/frida2_scene000055_v0150.png,150.0,000055,frida2,0.026080153369520975,LIma-000055.png,LDep-000055.fdd
images/frida2_scene000055_v0200.png,200.0,000055,frida2,0.01956011502714073,LIma-000055.png,LDep-000055.fdd
images/frida2_scene000055_v0300.png,300.0,000055,frida2,0.013040076684760487,LIma-000055.png,LDep-000055.fdd
images/frida2_scene000055_v0500.png,500.0,000055,frida2,0.007824046010856293,LIma-000055.png,LDep-000055.fdd
images/frida2_scene000055_v0800.png,800.0,000055,frida2,0.0048900287567851825,LIma-000055.png,LDep-000055.fdd
images/frida2_scene000056_v0050.png,50.0,000056,frida2,0.07824046010856292,LIma-000056.png,LDep-000056.fdd
images/frida2_scene000056_v0080.png,80.0,000056,frida2,0.04890028756785182,LIma-000056.png,LDep-000056.fdd
images/frida2_scene000056_v0100.png,100.0,000056,frida2,0.03912023005428146,LIma-000056.png,LDep-000056.fdd
images/frida2_scene000056_v0150.png,150.0,000056,frida2,0.026080153369520975,LIma-000056.png,LDep-000056.fdd
images/frida2_scene000056_v0200.png,200.0,000056,frida2,0.01956011502714073,LIma-000056.png,LDep-000056.fdd
images/frida2_scene000056_v0300.png,300.0,000056,frida2,0.013040076684760487,LIma-000056.png,LDep-000056.fdd
images/frida2_scene000056_v0500.png,500.0,000056,frida2,0.007824046010856293,LIma-000056.png,LDep-000056.fdd
images/frida2_scene000056_v0800.png,800.0,000056,frida2,0.0048900287567851825,LIma-000056.png,LDep-000056.fdd
images/frida2_scene000057_v0050.png,50.0,000057,frida2,0.07824046010856292,LIma-000057.png,LDep-000057.fdd
images/frida2_scene000057_v0080.png,80.0,000057,frida2,0.04890028756785182,LIma-000057.png,LDep-000057.fdd
images/frida2_scene000057_v0100.png,100.0,000057,frida2,0.03912023005428146,LIma-000057.png,LDep-000057.fdd
images/frida2_scene000057_v0150.png,150.0,000057,frida2,0.026080153369520975,LIma-000057.png,LDep-000057.fdd
images/frida2_scene000057_v0200.png,200.0,000057,frida2,0.01956011502714073,LIma-000057.png,LDep-000057.fdd
images/frida2_scene000057_v0300.png,300.0,000057,frida2,0.013040076684760487,LIma-000057.png,LDep-000057.fdd
images/frida2_scene000057_v0500.png,500.0,000057,frida2,0.007824046010856293,LIma-000057.png,LDep-000057.fdd
images/frida2_scene000057_v0800.png,800.0,000057,frida2,0.0048900287567851825,LIma-000057.png,LDep-000057.fdd
images/frida2_scene000058_v0050.png,50.0,000058,frida2,0.07824046010856292,LIma-000058.png,LDep-000058.fdd
images/frida2_scene000058_v0080.png,80.0,000058,frida2,0.04890028756785182,LIma-000058.png,LDep-000058.fdd
images/frida2_scene000058_v0100.png,100.0,000058,frida2,0.03912023005428146,LIma-000058.png,LDep-000058.fdd
images/frida2_scene000058_v0150.png,150.0,000058,frida2,0.026080153369520975,LIma-000058.png,LDep-000058.fdd
images/frida2_scene000058_v0200.png,200.0,000058,frida2,0.01956011502714073,LIma-000058.png,LDep-000058.fdd
images/frida2_scene000058_v0300.png,300.0,000058,frida2,0.013040076684760487,LIma-000058.png,LDep-000058.fdd
images/frida2_scene000058_v0500.png,500.0,000058,frida2,0.007824046010856293,LIma-000058.png,LDep-000058.fdd
images/frida2_scene000058_v0800.png,800.0,000058,frida2,0.0048900287567851825,LIma-000058.png,LDep-000058.fdd
images/frida2_scene000059_v0050.png,50.0,000059,frida2,0.07824046010856292,LIma-000059.png,LDep-000059.fdd
images/frida2_scene000059_v0080.png,80.0,000059,frida2,0.04890028756785182,LIma-000059.png,LDep-000059.fdd
images/frida2_scene000059_v0100.png,100.0,000059,frida2,0.03912023005428146,LIma-000059.png,LDep-000059.fdd
images/frida2_scene000059_v0150.png,150.0,000059,frida2,0.026080153369520975,LIma-000059.png,LDep-000059.fdd
images/frida2_scene000059_v0200.png,200.0,000059,frida2,0.01956011502714073,LIma-000059.png,LDep-000059.fdd
images/frida2_scene000059_v0300.png,300.0,000059,frida2,0.013040076684760487,LIma-000059.png,LDep-000059.fdd
images/frida2_scene000059_v0500.png,500.0,000059,frida2,0.007824046010856293,LIma-000059.png,LDep-000059.fdd
images/frida2_scene000059_v0800.png,800.0,000059,frida2,0.0048900287567851825,LIma-000059.png,LDep-000059.fdd
images/frida2_scene000060_v0050.png,50.0,000060,frida2,0.07824046010856292,LIma-000060.png,LDep-000060.fdd
images/frida2_scene000060_v0080.png,80.0,000060,frida2,0.04890028756785182,LIma-000060.png,LDep-000060.fdd
images/frida2_scene000060_v0100.png,100.0,000060,frida2,0.03912023005428146,LIma-000060.png,LDep-000060.fdd
images/frida2_scene000060_v0150.png,150.0,000060,frida2,0.026080153369520975,LIma-000060.png,LDep-000060.fdd
images/frida2_scene000060_v0200.png,200.0,000060,frida2,0.01956011502714073,LIma-000060.png,LDep-000060.fdd
images/frida2_scene000060_v0300.png,300.0,000060,frida2,0.013040076684760487,LIma-000060.png,LDep-000060.fdd
images/frida2_scene000060_v0500.png,500.0,000060,frida2,0.007824046010856293,LIma-000060.png,LDep-000060.fdd
images/frida2_scene000060_v0800.png,800.0,000060,frida2,0.0048900287567851825,LIma-000060.png,LDep-000060.fdd
images/frida2_scene000061_v0050.png,50.0,000061,frida2,0.07824046010856292,LIma-000061.png,LDep-000061.fdd
images/frida2_scene000061_v0080.png,80.0,000061,frida2,0.04890028756785182,LIma-000061.png,LDep-000061.fdd
images/frida2_scene000061_v0100.png,100.0,000061,frida2,0.03912023005428146,LIma-000061.png,LDep-000061.fdd
images/frida2_scene000061_v0150.png,150.0,000061,frida2,0.026080153369520975,LIma-000061.png,LDep-000061.fdd
images/frida2_scene000061_v0200.png,200.0,000061,frida2,0.01956011502714073,LIma-000061.png,LDep-000061.fdd
images/frida2_scene000061_v0300.png,300.0,000061,frida2,0.013040076684760487,LIma-000061.png,LDep-000061.fdd
images/frida2_scene000061_v0500.png,500.0,000061,frida2,0.007824046010856293,LIma-000061.png,LDep-000061.fdd
images/frida2_scene000061_v0800.png,800.0,000061,frida2,0.0048900287567851825,LIma-000061.png,LDep-000061.fdd
images/frida2_scene000062_v0050.png,50.0,000062,frida2,0.07824046010856292,LIma-000062.png,LDep-000062.fdd
images/frida2_scene000062_v0080.png,80.0,000062,frida2,0.04890028756785182,LIma-000062.png,LDep-000062.fdd
images/frida2_scene000062_v0100.png,100.0,000062,frida2,0.03912023005428146,LIma-000062.png,LDep-000062.fdd
images/frida2_scene000062_v0150.png,150.0,000062,frida2,0.026080153369520975,LIma-000062.png,LDep-000062.fdd
images/frida2_scene000062_v0200.png,200.0,000062,frida2,0.01956011502714073,LIma-000062.png,LDep-000062.fdd
images/frida2_scene000062_v0300.png,300.0,000062,frida2,0.013040076684760487,LIma-000062.png,LDep-000062.fdd
images/frida2_scene000062_v0500.png,500.0,000062,frida2,0.007824046010856293,LIma-000062.png,LDep-000062.fdd
images/frida2_scene000062_v0800.png,800.0,000062,frida2,0.0048900287567851825,LIma-000062.png,LDep-000062.fdd
images/frida2_scene000063_v0050.png,50.0,000063,frida2,0.07824046010856292,LIma-000063.png,LDep-000063.fdd
images/frida2_scene000063_v0080.png,80.0,000063,frida2,0.04890028756785182,LIma-000063.png,LDep-000063.fdd
images/frida2_scene000063_v0100.png,100.0,000063,frida2,0.03912023005428146,LIma-000063.png,LDep-000063.fdd
images/frida2_scene000063_v0150.png,150.0,000063,frida2,0.026080153369520975,LIma-000063.png,LDep-000063.fdd
images/frida2_scene000063_v0200.png,200.0,000063,frida2,0.01956011502714073,LIma-000063.png,LDep-000063.fdd
images/frida2_scene000063_v0300.png,300.0,000063,frida2,0.013040076684760487,LIma-000063.png,LDep-000063.fdd
images/frida2_scene000063_v0500.png,500.0,000063,frida2,0.007824046010856293,LIma-000063.png,LDep-000063.fdd
images/frida2_scene000063_v0800.png,800.0,000063,frida2,0.0048900287567851825,LIma-000063.png,LDep-000063.fdd
images/frida2_scene000064_v0050.png,50.0,000064,frida2,0.07824046010856292,LIma-000064.png,LDep-000064.fdd
images/frida2_scene000064_v0080.png,80.0,000064,frida2,0.04890028756785182,LIma-000064.png,LDep-000064.fdd
images/frida2_scene000064_v0100.png,100.0,000064,frida2,0.03912023005428146,LIma-000064.png,LDep-000064.fdd
images/frida2_scene000064_v0150.png,150.0,000064,frida2,0.026080153369520975,LIma-000064.png,LDep-000064.fdd
images/frida2_scene000064_v0200.png,200.0,000064,frida2,0.01956011502714073,LIma-000064.png,LDep-000064.fdd
images/frida2_scene000064_v0300.png,300.0,000064,frida2,0.013040076684760487,LIma-000064.png,LDep-000064.fdd
images/frida2_scene000064_v0500.png,500.0,000064,frida2,0.007824046010856293,LIma-000064.png,LDep-000064.fdd
images/frida2_scene000064_v0800.png,800.0,000064,frida2,0.0048900287567851825,LIma-000064.png,LDep-000064.fdd
images/frida2_scene000065_v0050.png,50.0,000065,frida2,0.07824046010856292,LIma-000065.png,LDep-000065.fdd
images/frida2_scene000065_v0080.png,80.0,000065,frida2,0.04890028756785182,LIma-000065.png,LDep-000065.fdd
images/frida2_scene000065_v0100.png,100.0,000065,frida2,0.03912023005428146,LIma-000065.png,LDep-000065.fdd
images/frida2_scene000065_v0150.png,150.0,000065,frida2,0.026080153369520975,LIma-000065.png,LDep-000065.fdd
images/frida2_scene000065_v0200.png,200.0,000065,frida2,0.01956011502714073,LIma-000065.png,LDep-000065.fdd
images/frida2_scene000065_v0300.png,300.0,000065,frida2,0.013040076684760487,LIma-000065.png,LDep-000065.fdd
images/frida2_scene000065_v0500.png,500.0,000065,frida2,0.007824046010856293,LIma-000065.png,LDep-000065.fdd
images/frida2_scene000065_v0800.png,800.0,000065,frida2,0.0048900287567851825,LIma-000065.png,LDep-000065.fdd
images/frida2_scene000066_v0050.png,50.0,000066,frida2,0.07824046010856292,LIma-000066.png,LDep-000066.fdd
images/frida2_scene000066_v0080.png,80.0,000066,frida2,0.04890028756785182,LIma-000066.png,LDep-000066.fdd
images/frida2_scene000066_v0100.png,100.0,000066,frida2,0.03912023005428146,LIma-000066.png,LDep-000066.fdd
images/frida2_scene000066_v0150.png,150.0,000066,frida2,0.026080153369520975,LIma-000066.png,LDep-000066.fdd
images/frida2_scene000066_v0200.png,200.0,000066,frida2,0.01956011502714073,LIma-000066.png,LDep-000066.fdd
images/frida2_scene000066_v0300.png,300.0,000066,frida2,0.013040076684760487,LIma-000066.png,LDep-000066.fdd
images/frida2_scene000066_v0500.png,500.0,000066,frida2,0.007824046010856293,LIma-000066.png,LDep-000066.fdd
images/frida2_scene000066_v0800.png,800.0,000066,frida2,0.0048900287567851825,LIma-000066.png,LDep-000066.fdd
